{"mode": "train", "epoch": 1, "iter": 25, "lr": 0.0001, "time": 2.60042, "data_time": 0.96154, "memory": 5403, "transfer_time": 1.01815, "forward_time": 1.24419, "loss_parse_time": 1.24451, "loss": [12.18816], "hm_loss": [6.70557], "loc_loss": [[21.93035]], "loc_loss_elem": [[[2.49385, 1.71836, 3.22388, 2.03415, 2.4029, 2.02107, 3.60393, 4.49738, 3.04351, 3.37237]]], "num_positive": [48.16]}
{"mode": "train", "epoch": 1, "iter": 50, "lr": 0.00011, "time": 1.58122, "data_time": 1.02108, "memory": 5403, "transfer_time": 1.0795, "forward_time": 1.25666, "loss_parse_time": 1.25714, "loss": [6.23474], "hm_loss": [4.08379], "loc_loss": [[8.60379]], "loc_loss_elem": [[[0.86114, 0.64285, 1.63139, 0.54964, 0.75827, 0.58152, 2.73105, 3.28383, 1.07996, 1.29604]]], "num_positive": [46.2]}
