{"mode": "train", "epoch": 1, "iter": 25, "lr": 0.0001, "time": 6.59221, "data_time": 4.57474, "memory": 7011, "transfer_time": 4.65074, "forward_time": 5.41191, "loss_parse_time": 5.41234, "loss": [12.46815], "hm_loss": [7.49982], "loc_loss": [[19.87333]], "loc_loss_elem": [[[2.21191, 1.5402, 3.29373, 1.62547, 2.02905, 1.68115, 2.44861, 3.09518, 3.16622, 3.21683]]], "num_positive": [43.76]}
