{"mode": "train", "epoch": 1, "iter": 25, "lr": 0.0001, "time": 3.30601, "data_time": 1.38314, "memory": 7011, "transfer_time": 1.44698, "forward_time": 2.15861, "loss_parse_time": 2.1589, "loss": [12.47542], "hm_loss": [7.6323], "loc_loss": [[19.37245]], "loc_loss_elem": [[[2.22627, 1.4474, 3.07329, 1.47104, 1.88922, 1.50143, 2.51419, 3.10573, 3.46044, 3.17937]]], "num_positive": [43.76]}
{"mode": "train", "epoch": 1, "iter": 50, "lr": 0.0001, "time": 2.57352, "data_time": 0.43799, "memory": 7441, "transfer_time": 0.50467, "forward_time": 1.31606, "loss_parse_time": 1.31642, "loss": [6.66039], "hm_loss": [4.37976], "loc_loss": [[9.12253]], "loc_loss_elem": [[[0.73583, 0.89857, 1.86024, 0.67826, 0.68256, 0.60648, 1.87259, 2.4262, 1.51723, 1.2836]]], "num_positive": [41.88]}
{"mode": "train", "epoch": 1, "iter": 75, "lr": 0.0001, "time": 2.328, "data_time": 0.21531, "memory": 7441, "transfer_time": 0.29723, "forward_time": 1.08072, "loss_parse_time": 1.08112, "loss": [4.67433], "hm_loss": [3.10891], "loc_loss": [[6.26167]], "loc_loss_elem": [[[0.53758, 0.50598, 1.33746, 0.37925, 0.53907, 0.43649, 1.34902, 1.84275, 0.9339, 0.95359]]], "num_positive": [45.36]}
{"mode": "train", "epoch": 1, "iter": 100, "lr": 0.0001, "time": 2.62298, "data_time": 0.4964, "memory": 7441, "transfer_time": 0.59444, "forward_time": 1.37885, "loss_parse_time": 1.37916, "loss": [4.28108], "hm_loss": [2.99914], "loc_loss": [[5.12776]], "loc_loss_elem": [[[0.38547, 0.50159, 1.04396, 0.35564, 0.37861, 0.31148, 1.07011, 1.72319, 0.74685, 0.84551]]], "num_positive": [41.16]}
{"mode": "train", "epoch": 1, "iter": 125, "lr": 0.0001, "time": 2.63093, "data_time": 0.55484, "memory": 7441, "transfer_time": 0.6411, "forward_time": 1.4102, "loss_parse_time": 1.41047, "loss": [3.95124], "hm_loss": [2.89356], "loc_loss": [[4.23069]], "loc_loss_elem": [[[0.34697, 0.31334, 0.84863, 0.2243, 0.3062, 0.25226, 1.11705, 1.58322, 0.66488, 0.73405]]], "num_positive": [40.72]}
{"mode": "train", "epoch": 1, "iter": 150, "lr": 0.0001, "time": 2.43397, "data_time": 0.34468, "memory": 7454, "transfer_time": 0.41226, "forward_time": 1.18646, "loss_parse_time": 1.18681, "loss": [3.80117], "hm_loss": [2.79017], "loc_loss": [[4.04401]], "loc_loss_elem": [[[0.33376, 0.35272, 0.73158, 0.21934, 0.27116, 0.22466, 1.05513, 1.59517, 0.62245, 0.75827]]], "num_positive": [44.16]}
{"mode": "train", "epoch": 1, "iter": 175, "lr": 0.0001, "time": 2.50602, "data_time": 0.40355, "memory": 7454, "transfer_time": 0.48901, "forward_time": 1.24254, "loss_parse_time": 1.24289, "loss": [3.85636], "hm_loss": [2.76652], "loc_loss": [[4.35934]], "loc_loss_elem": [[[0.37594, 0.37549, 0.74032, 0.22151, 0.34206, 0.28348, 1.15462, 1.65152, 0.69277, 0.76656]]], "num_positive": [46.64]}
{"mode": "train", "epoch": 1, "iter": 200, "lr": 0.0001, "time": 2.67947, "data_time": 0.58462, "memory": 7454, "transfer_time": 0.66772, "forward_time": 1.43719, "loss_parse_time": 1.43751, "loss": [3.66653], "hm_loss": [2.70289], "loc_loss": [[3.85457]], "loc_loss_elem": [[[0.32789, 0.3237, 0.63706, 0.18928, 0.30581, 0.20843, 1.03718, 1.36484, 0.66851, 0.71348]]], "num_positive": [47.36]}
{"mode": "train", "epoch": 1, "iter": 225, "lr": 0.0001, "time": 2.41186, "data_time": 0.23357, "memory": 7454, "transfer_time": 0.34125, "forward_time": 1.14546, "loss_parse_time": 1.14579, "loss": [3.71052], "hm_loss": [2.63566], "loc_loss": [[4.29946]], "loc_loss_elem": [[[0.37395, 0.33618, 0.80731, 0.21541, 0.27757, 0.30153, 0.93326, 1.43864, 0.68272, 0.83042]]], "num_positive": [48.64]}
{"mode": "train", "epoch": 1, "iter": 250, "lr": 0.0001, "time": 2.65767, "data_time": 0.58183, "memory": 7454, "transfer_time": 0.67006, "forward_time": 1.4405, "loss_parse_time": 1.44098, "loss": [3.47012], "hm_loss": [2.61234], "loc_loss": [[3.43113]], "loc_loss_elem": [[[0.28314, 0.28605, 0.58093, 0.16113, 0.19607, 0.18119, 0.77433, 1.37854, 0.60401, 0.70804]]], "num_positive": [47.44]}
{"mode": "train", "epoch": 1, "iter": 275, "lr": 0.0001, "time": 2.43893, "data_time": 0.26737, "memory": 7454, "transfer_time": 0.36615, "forward_time": 1.1541, "loss_parse_time": 1.15451, "loss": [3.62715], "hm_loss": [2.65012], "loc_loss": [[3.90811]], "loc_loss_elem": [[[0.31015, 0.31648, 0.76501, 0.1804, 0.21522, 0.21831, 0.95128, 1.62942, 0.63667, 0.74973]]], "num_positive": [41.6]}
{"mode": "train", "epoch": 1, "iter": 300, "lr": 0.0001, "time": 2.73098, "data_time": 0.58533, "memory": 7454, "transfer_time": 0.70667, "forward_time": 1.49595, "loss_parse_time": 1.49628, "loss": [3.72217], "hm_loss": [2.64041], "loc_loss": [[4.32703]], "loc_loss_elem": [[[0.32114, 0.37043, 0.70937, 0.30244, 0.30307, 0.26172, 1.21224, 1.4958, 0.73411, 0.78313]]], "num_positive": [39.36]}
